{"regret_validation": [0.01375536123911536, 0.01375536123911536, 0.01375536123911536, 0.01375536123911536, 0.01375536123911536, 0.01375536123911536, 0.01375536123911536, 0.01375536123911536, 0.01375536123911536, 0.01375536123911536, 0.01375536123911536, 0.01375536123911536, 0.01375536123911536, 0.01375536123911536, 0.01375536123911536, 0.01235310236612952, 0.01235310236612952, 0.01235310236612952, 0.01235310236612952], "regret_test": [0.012720346450805664, 0.012720346450805664, 0.012720346450805664, 0.012720346450805664, 0.012720346450805664, 0.012720346450805664, 0.012720346450805664, 0.012720346450805664, 0.012720346450805664, 0.012720346450805664, 0.012720346450805664, 0.012720346450805664, 0.012720346450805664, 0.012720346450805664, 0.012720346450805664, 0.012119372685750363, 0.012119372685750363, 0.012119372685750363, 0.012119372685750363], "runtime": [1817.906005859375, 2320.0800170898438, 3760.4310913085938, 4889.347106933594, 5174.3851318359375, 6794.276123046875, 7526.976135253906, 9325.253112792969, 9609.49609375, 10156.133117675781, 10440.353118896484, 10942.527130126953, 11639.701141357422, 12792.090057373047, 13943.94906616211, 16429.77816772461, 17341.94515991211, 18520.516204833984, 20563.59310913086]}