{"regret_validation": [0.0233707229296366, 0.01876334349314368, 0.013855497042338016, 0.013855497042338016, 0.013855497042338016, 0.013855497042338016, 0.013855497042338016, 0.013855497042338016, 0.013855497042338016, 0.013855497042338016, 0.013855497042338016, 0.013855497042338016, 0.013855497042338016, 0.013855497042338016, 0.013855497042338016, 0.013855497042338016, 0.013154367605845096, 0.013154367605845096, 0.009748915831247928, 0.009748915831247928, 0.009748915831247928, 0.009748915831247928, 0.009748915831247928, 0.009748915831247928, 0.009748915831247928, 0.009748915831247928, 0.009748915831247928, 0.009748915831247928, 0.009748915831247928, 0.009748915831247928, 0.009748915831247928, 0.009748915831247928, 0.009748915831247928, 0.009748915831247928, 0.009748915831247928, 0.009748915831247928, 0.009748915831247928, 0.009748915831247928, 0.009748915831247928], "regret_test": [0.019163986047109005, 0.025140225887298584, 0.011919081211090088, 0.011919081211090088, 0.011919081211090088, 0.011919081211090088, 0.011919081211090088, 0.011919081211090088, 0.011919081211090088, 0.011919081211090088, 0.011919081211090088, 0.011919081211090088, 0.011919081211090088, 0.011919081211090088, 0.011919081211090088, 0.011919081211090088, 0.015124201774597168, 0.015124201774597168, 0.009481827418009514, 0.009481827418009514, 0.009481827418009514, 0.009481827418009514, 0.009481827418009514, 0.009481827418009514, 0.009481827418009514, 0.009481827418009514, 0.009481827418009514, 0.009481827418009514, 0.009481827418009514, 0.009481827418009514, 0.009481827418009514, 0.009481827418009514, 0.009481827418009514, 0.009481827418009514, 0.009481827418009514, 0.009481827418009514, 0.009481827418009514, 0.009481827418009514, 0.009481827418009514], "runtime": [1550.3800048828125, 2613.20703125, 3432.1710205078125, 3717.2090454101562, 4324.984069824219, 4951.516052246094, 5623.328063964844, 6534.591064453125, 7201.071044921875, 7485.314025878906, 7769.534027099609, 8758.05599975586, 9285.59799194336, 10032.240997314453, 11388.810943603516, 11673.84896850586, 12994.525970458984, 13962.11801147461, 15646.26107788086, 16410.71908569336, 17531.767059326172, 19137.123992919922, 20295.718963623047, 20798.176971435547, 21344.813995361328, 22204.230010986328, 23161.433013916016, 24105.608001708984, 25618.84994506836, 26627.09292602539, 27293.833892822266, 28519.17495727539, 30339.204010009766, 30623.42401123047, 31524.21697998047, 32406.311950683594, 35308.773864746094, 35593.81188964844, 36326.82092285156]}