{"regret_validation": [0.06012956301371253, 0.020466069380442264, 0.020466069380442264, 0.020466069380442264, 0.020466069380442264, 0.020466069380442264, 0.020466069380442264, 0.020466069380442264, 0.020466069380442264, 0.020466069380442264, 0.020466069380442264, 0.020466069380442264, 0.020466069380442264, 0.020466069380442264, 0.020466069380442264, 0.020466069380442264, 0.020466069380442264, 0.014656821886698368, 0.014656821886698368, 0.014656821886698368, 0.014656821886698368, 0.014656821886698368], "regret_test": [0.05465412139892578, 0.026575863361358643, 0.026575863361358643, 0.026575863361358643, 0.026575863361358643, 0.026575863361358643, 0.026575863361358643, 0.026575863361358643, 0.026575863361358643, 0.026575863361358643, 0.026575863361358643, 0.026575863361358643, 0.026575863361358643, 0.026575863361358643, 0.026575863361358643, 0.026575863361358643, 0.026575863361358643, 0.009582002957661984, 0.009582002957661984, 0.009582002957661984, 0.009582002957661984, 0.009582002957661984], "runtime": [1192.93994140625, 3237.1728515625, 3521.4158325195312, 3806.453857421875, 4472.933837890625, 5494.5657958984375, 6450.1287841796875, 7116.0927734375, 7782.0567626953125, 8504.063720703125, 8789.101745605469, 9886.372741699219, 10894.145751953125, 11179.183776855469, 11463.4267578125, 11965.884765625, 12250.922790527344, 14716.324645996094, 15000.544647216797, 15666.50863647461, 16168.96664428711, 16671.140655517578]}