{"regret_validation": [0.12813834349314368, 0.011551837126413944, 0.011551837126413944, 0.011551837126413944, 0.011551837126413944, 0.007645587126413944, 0.007645587126413944, 0.007645587126413944, 0.007645587126413944, 0.007645587126413944, 0.007645587126413944, 0.007645587126413944, 0.007645587126413944, 0.007645587126413944, 0.007645587126413944, 0.007645587126413944, 0.007645587126413944, 0.007645587126413944, 0.007645587126413944, 0.007645587126413944], "regret_test": [0.12202856938044238, 0.012720366319020626, 0.012720366319020626, 0.012720366319020626, 0.012720366319020626, 0.009481827418009514, 0.009481827418009514, 0.009481827418009514, 0.009481827418009514, 0.009481827418009514, 0.009481827418009514, 0.009481827418009514, 0.009481827418009514, 0.009481827418009514, 0.009481827418009514, 0.009481827418009514, 0.009481827418009514, 0.009481827418009514, 0.009481827418009514, 0.009481827418009514], "runtime": [502.17401123046875, 1655.1740112304688, 2594.3569946289062, 3260.3209838867188, 4833.477966308594, 6519.965026855469, 7672.353942871094, 9078.361022949219, 9363.399047851562, 9865.857055664062, 11149.421020507812, 12095.526000976562, 12379.768981933594, 13325.528015136719, 14269.703002929688, 15802.177978515625, 16086.397979736328, 17239.397979736328, 17972.09799194336, 18518.73501586914]}